"","city","good","bad","delay"
"1","BOS",3,9,101.962433882066
"2","CLE",1,7,66.2500746391013
"3","DFW",5,8,45.0327755330615
"4","MIA",3,0,101.758646571029
"5","PDX",4,0,80.1229347732487
"6","SFO",4,1,63.4700530903157
