"","city","delay"
"1","BOS",101.962433882066
"2","CLE",66.2500746391013
"3","DFW",45.0327755330615
"4","MIA",101.758646571029
"5","PDX",80.1229347732487
"6","SFO",63.4700530903157
